source_page,source_url,permission_status,intended_usage,hosting_plan
homepage,https://images.squarespace-cdn.com/content/v1/61532ef9082b334755993cfd/509a0849-3528-4cc7-a262-6937b2a4df8f/IMG_5636.jpeg,pending owner confirmation,baseline migration preview,temporary Squarespace CDN reference; replace with approved original before launch
homepage,https://images.squarespace-cdn.com/content/v1/61532ef9082b334755993cfd/227d8a88-377c-4bfe-ad80-969800129ce7/IMG_9797.jpg,pending owner confirmation,baseline migration preview,temporary Squarespace CDN reference; replace with approved original before launch
fall programs overview,https://images.squarespace-cdn.com/content/v1/61532ef9082b334755993cfd/95933549-62ba-461b-a6af-327f93917380/IMG_1780.jpg,pending owner confirmation,baseline migration preview,temporary Squarespace CDN reference; replace with approved original before launch
fall programs overview,https://images.squarespace-cdn.com/content/v1/61532ef9082b334755993cfd/280a8097-6a1d-478d-b98d-8be8399cda20/IMG_9287.jpg,pending owner confirmation,baseline migration preview,temporary Squarespace CDN reference; replace with approved original before launch
fall programs overview,https://images.squarespace-cdn.com/content/v1/61532ef9082b334755993cfd/61ddf4e9-9f95-49fe-840c-b71ec5ad8b77/IMG_3626.jpg,pending owner confirmation,baseline migration preview,temporary Squarespace CDN reference; replace with approved original before launch
fall programs overview,https://images.squarespace-cdn.com/content/v1/61532ef9082b334755993cfd/3c4b2445-10f9-412d-9f12-db2f241ab522/bella+and+charley.jpg,pending owner confirmation,baseline migration preview,temporary Squarespace CDN reference; replace with approved original before launch
fall programs overview,https://images.squarespace-cdn.com/content/v1/61532ef9082b334755993cfd/1654967677275-LC008BNCTALQGB839X4J/Rebecca+with+Girls.jpeg,pending owner confirmation,baseline migration preview,temporary Squarespace CDN reference; replace with approved original before launch
fall programs overview,https://images.squarespace-cdn.com/content/v1/61532ef9082b334755993cfd/d7fcfdd8-cdf7-45ed-9c89-798fac288223/IMG_1769.jpg,pending owner confirmation,baseline migration preview,temporary Squarespace CDN reference; replace with approved original before launch
fall programs overview,https://images.squarespace-cdn.com/content/v1/61532ef9082b334755993cfd/ad398566-f667-4223-8bcf-262c0a6d3661/IMG_4469.jpg,pending owner confirmation,baseline migration preview,temporary Squarespace CDN reference; replace with approved original before launch
fall programs overview,https://images.squarespace-cdn.com/content/v1/61532ef9082b334755993cfd/29f39634-d2e4-4e47-af7e-df4d460b0f65/_DSC9058.jpg,pending owner confirmation,baseline migration preview,temporary Squarespace CDN reference; replace with approved original before launch
fall programs overview,https://images.squarespace-cdn.com/content/v1/61532ef9082b334755993cfd/e24fef2d-985f-424f-a81a-00548c58060c/IMG_0468.jpg,pending owner confirmation,baseline migration preview,temporary Squarespace CDN reference; replace with approved original before launch
fall Base Camp,https://images.squarespace-cdn.com/content/v1/61532ef9082b334755993cfd/ef419cc4-de2f-4a90-b988-f5144d29feb7/IMG_0165.jpeg,pending owner confirmation,baseline migration preview,temporary Squarespace CDN reference; replace with approved original before launch
fall Base Camp,https://images.squarespace-cdn.com/content/v1/61532ef9082b334755993cfd/3b8bbe34-7a41-4a5e-95b6-2381442780c7/IMG_1715.jpeg,pending owner confirmation,baseline migration preview,temporary Squarespace CDN reference; replace with approved original before launch
team,https://images.squarespace-cdn.com/content/v1/61532ef9082b334755993cfd/1632843226106-IQ5754HO4IDXYPKY7BUA/Gwen.jpg,pending owner confirmation,baseline migration preview,temporary Squarespace CDN reference; replace with approved original before launch
team,https://images.squarespace-cdn.com/content/v1/61532ef9082b334755993cfd/1632844439711-GT7TIUAFEL9FTT6QCMYV/leah.jpg,pending owner confirmation,baseline migration preview,temporary Squarespace CDN reference; replace with approved original before launch
team,https://images.squarespace-cdn.com/content/v1/61532ef9082b334755993cfd/45b9265a-b0e2-4ba7-8fef-b0f8f93ca037/P1000301+%283%29.png,pending owner confirmation,baseline migration preview,temporary Squarespace CDN reference; replace with approved original before launch
team,https://images.squarespace-cdn.com/content/v1/61532ef9082b334755993cfd/1654546283146-K7PJ57I5QCSLPDVRJ6UW/Rebecca+2.jpeg,pending owner confirmation,baseline migration preview,temporary Squarespace CDN reference; replace with approved original before launch
team,https://images.squarespace-cdn.com/content/v1/61532ef9082b334755993cfd/3431ef0d-ebb5-4e75-94a5-e874e632a2ae/IMG_0100.jpg,pending owner confirmation,baseline migration preview,temporary Squarespace CDN reference; replace with approved original before launch
team,https://images.squarespace-cdn.com/content/v1/61532ef9082b334755993cfd/08e2b6db-a51b-4c00-bff1-452d87d46c68/IMG_1930.jpeg,pending owner confirmation,baseline migration preview,temporary Squarespace CDN reference; replace with approved original before launch
team,https://images.squarespace-cdn.com/content/v1/61532ef9082b334755993cfd/a7534f4d-af41-4ce3-b138-5aa62e44f2e8/69573019-6189-4D41-B205-91021AB4F524.png,pending owner confirmation,baseline migration preview,temporary Squarespace CDN reference; replace with approved original before launch
team,https://images.squarespace-cdn.com/content/v1/61532ef9082b334755993cfd/1660759281327-2B4283WJVP3ER6SID3SR/Hannah+Van+Dolsen.jpeg,pending owner confirmation,baseline migration preview,temporary Squarespace CDN reference; replace with approved original before launch
team,https://images.squarespace-cdn.com/content/v1/61532ef9082b334755993cfd/7bb0ccf5-de71-4b46-bf32-3aefd1d56ba8/Emily+Orr_Photo.jpeg,pending owner confirmation,baseline migration preview,temporary Squarespace CDN reference; replace with approved original before launch
team,https://images.squarespace-cdn.com/content/v1/61532ef9082b334755993cfd/1632846478758-PL1V4NV2BVYJO77PKHQ5/Miriam.jpg,pending owner confirmation,baseline migration preview,temporary Squarespace CDN reference; replace with approved original before launch
team,https://images.squarespace-cdn.com/content/v1/61532ef9082b334755993cfd/981aa327-aae9-464c-b760-b4f2fc3fabc4/240411_Brotman00258retouch+VertCrop+copy.jpg,pending owner confirmation,baseline migration preview,temporary Squarespace CDN reference; replace with approved original before launch
team,https://images.squarespace-cdn.com/content/v1/61532ef9082b334755993cfd/9fc3a2d2-ed1d-41c4-90bf-ef0a9a6c2d72/jaime+outside+headshot.jpg,pending owner confirmation,baseline migration preview,temporary Squarespace CDN reference; replace with approved original before launch
team,https://images.squarespace-cdn.com/content/v1/61532ef9082b334755993cfd/bd8cee37-159f-4a4e-a50e-53f6de5d19a1/Gwen%2C+Aron%2C+Leah.jpg,pending owner confirmation,baseline migration preview,temporary Squarespace CDN reference; replace with approved original before launch
forest-tots-12-30-months,https://images.squarespace-cdn.com/content/v1/61532ef9082b334755993cfd/72e5bec5-fcd3-4ea8-b448-dff43ddb2fc7/IMG_9286.jpg,pending owner confirmation,baseline migration preview,temporary Squarespace CDN reference; replace with approved original before launch
forest-tots-12-30-months,https://images.squarespace-cdn.com/content/v1/61532ef9082b334755993cfd/89d7429d-91e8-4b55-8830-854ce818efc4/hannah+and+dimitri.jpeg,pending owner confirmation,baseline migration preview,temporary Squarespace CDN reference; replace with approved original before launch
motherhood-rising-6-weeks-12-months,https://images.squarespace-cdn.com/content/v1/61532ef9082b334755993cfd/7b30b440-d9dc-4ec5-a267-ce184789e031/IMG_8866.jpeg,pending owner confirmation,baseline migration preview,temporary Squarespace CDN reference; replace with approved original before launch
motherhood-rising-6-weeks-12-months,https://images.squarespace-cdn.com/content/v1/61532ef9082b334755993cfd/e13de8df-ef96-407b-91de-800ae4713c6b/IMG_9364.jpeg,pending owner confirmation,baseline migration preview,temporary Squarespace CDN reference; replace with approved original before launch
rose-blossoms-12-15-year-old-girls,https://images.squarespace-cdn.com/content/v1/61532ef9082b334755993cfd/41660ced-5d4c-4055-ae72-b381d97a0621/Fall4.png,pending owner confirmation,baseline migration preview,temporary Squarespace CDN reference; replace with approved original before launch
rose-blossoms-12-15-year-old-girls,https://images.squarespace-cdn.com/content/v1/61532ef9082b334755993cfd/6f48ba24-7446-4023-8983-117ede6dbff8/Winter4.png,pending owner confirmation,baseline migration preview,temporary Squarespace CDN reference; replace with approved original before launch
rose-blossoms-12-15-year-old-girls,https://images.squarespace-cdn.com/content/v1/61532ef9082b334755993cfd/bd4e4ecf-30bf-4b01-ab0f-1e83b75af219/Spring4.png,pending owner confirmation,baseline migration preview,temporary Squarespace CDN reference; replace with approved original before launch
rose-blossoms-12-15-year-old-girls,https://images.squarespace-cdn.com/content/v1/61532ef9082b334755993cfd/2bbf295b-5643-478a-b43c-361ce10ddc8b/GwenHero5d.jpg,pending owner confirmation,baseline migration preview,temporary Squarespace CDN reference; replace with approved original before launch
holiday-camps-1st-8th-graders,https://images.squarespace-cdn.com/content/v1/61532ef9082b334755993cfd/bec60d19-ef19-48b3-9572-ef292cb5611f/IMG_1431+%282%29.jpeg,pending owner confirmation,baseline migration preview,temporary Squarespace CDN reference; replace with approved original before launch
holiday-camps-1st-8th-graders,https://images.squarespace-cdn.com/content/v1/61532ef9082b334755993cfd/ed45a473-af40-4eb2-a839-dfdb2ca0da09/IMG_1415.jpeg,pending owner confirmation,baseline migration preview,temporary Squarespace CDN reference; replace with approved original before launch
autumn-2026-womens-retreat,https://images.squarespace-cdn.com/content/v1/61532ef9082b334755993cfd/2747a8bf-7a1a-4a91-8295-fc9faf882066/IMG_3736.jpg,pending owner confirmation,baseline migration preview,temporary Squarespace CDN reference; replace with approved original before launch
wise-owls-55-1,https://images.squarespace-cdn.com/content/v1/61532ef9082b334755993cfd/b42dfdc0-57a0-4ca3-b55b-279ff3ab2e8c/IMG_4139.jpg,pending owner confirmation,baseline migration preview,temporary Squarespace CDN reference; replace with approved original before launch
wise-owls-55-1,https://images.squarespace-cdn.com/content/v1/61532ef9082b334755993cfd/feeab10a-650d-441d-91cb-c86d9646d5a4/IMG_4143+%282%29.jpeg,pending owner confirmation,baseline migration preview,temporary Squarespace CDN reference; replace with approved original before launch
dance-embody-collective,https://images.squarespace-cdn.com/content/v1/61532ef9082b334755993cfd/3273a57a-857c-4623-8875-7c5838ba7b57/IMG_1760.jpg,pending owner confirmation,baseline migration preview,temporary Squarespace CDN reference; replace with approved original before launch
corporate-retreats,https://images.squarespace-cdn.com/content/v1/61532ef9082b334755993cfd/9a0cac0e-a455-4be0-9e99-5d26ab5c6ddc/_DSC9116.jpg,pending owner confirmation,baseline migration preview,temporary Squarespace CDN reference; replace with approved original before launch
careers,https://images.squarespace-cdn.com/content/v1/61532ef9082b334755993cfd/56490829-d045-495a-83e5-2ecbaffe99d9/unsplash-image-uKVs2ovR0KY.jpg,pending owner confirmation,baseline migration preview,temporary Squarespace CDN reference; replace with approved original before launch
dei,https://images.squarespace-cdn.com/content/v1/61532ef9082b334755993cfd/ccd0c103-bcba-4d22-9712-6967c8fb9b6d/wings+in+a+circle.jpeg,pending owner confirmation,baseline migration preview,temporary Squarespace CDN reference; replace with approved original before launch
faqs,https://images.squarespace-cdn.com/content/v1/61532ef9082b334755993cfd/b79764f3-af5f-4228-8b1e-90aad3e80278/image.jpg,pending owner confirmation,baseline migration preview,temporary Squarespace CDN reference; replace with approved original before launch
contact-us,https://images.squarespace-cdn.com/content/v1/61532ef9082b334755993cfd/8d8c5ce2-addd-4888-a32d-44925828c3f7/trees.jpeg,pending owner confirmation,baseline migration preview,temporary Squarespace CDN reference; replace with approved original before launch
donate,https://images.squarespace-cdn.com/content/v1/61532ef9082b334755993cfd/328f5bcb-fb4b-4472-986f-a19fa4c5af81/2-Christian+with+big+smile+and+hearts.jpg,pending owner confirmation,baseline migration preview,temporary Squarespace CDN reference; replace with approved original before launch
donate,https://images.squarespace-cdn.com/content/v1/61532ef9082b334755993cfd/1635280493765-WQVSU9MC959GIKXONBTP/unsplash-image-qgHGDbbSNm8.jpg,pending owner confirmation,baseline migration preview,temporary Squarespace CDN reference; replace with approved original before launch
internships,https://images.squarespace-cdn.com/content/v1/61532ef9082b334755993cfd/1690238250129-GGSBV3VBHYM5EJFJBGZJ/image-asset.jpeg,pending owner confirmation,baseline migration preview,temporary Squarespace CDN reference; replace with approved original before launch
school-programs,https://images.squarespace-cdn.com/content/v1/61532ef9082b334755993cfd/dbc8c4b1-ca3b-4e9f-9b33-459454d7786c/Bard+Faculty+in+Field.jpg,pending owner confirmation,baseline migration preview,temporary Squarespace CDN reference; replace with approved original before launch
wayfinders-in-the-news,https://images.squarespace-cdn.com/content/v1/61532ef9082b334755993cfd/912b92dc-4cb3-4b98-9a98-603f5111f848/IMG_3961.jpg,pending owner confirmation,baseline migration preview,temporary Squarespace CDN reference; replace with approved original before launch
wayfinders-in-the-news,https://images.squarespace-cdn.com/content/v1/61532ef9082b334755993cfd/1655913023702-AK5JN1NZC6CRPZJQ2XXH/Screen+Shot+2022-06-22+at+11.50.04+AM.png,pending owner confirmation,baseline migration preview,temporary Squarespace CDN reference; replace with approved original before launch
wayfinders-in-the-news,https://images.squarespace-cdn.com/content/v1/61532ef9082b334755993cfd/1655911722745-RPZG9SL42Q08SMOHSXQ3/Screen%2BShot%2B2022-06-22%2Bat%2B11.27.21%2BAM.jpg,pending owner confirmation,baseline migration preview,temporary Squarespace CDN reference; replace with approved original before launch
wayfinders-in-the-news,https://images.squarespace-cdn.com/content/v1/61532ef9082b334755993cfd/1655912857307-BP44TADGKZBC5TDUMAPA/Greg%2C+Bella%2C+Ani%2C+and+Mary+Garden.jpeg,pending owner confirmation,baseline migration preview,temporary Squarespace CDN reference; replace with approved original before launch
wayfinders-in-the-news,https://images.squarespace-cdn.com/content/v1/61532ef9082b334755993cfd/1655913191447-UQ4XZBZWL4O0PEB3S2YF/Screen+Shot+2022-06-22+at+11.53.01+AM.png,pending owner confirmation,baseline migration preview,temporary Squarespace CDN reference; replace with approved original before launch
wayfinders-video,https://video.squarespace-cdn.com/content/v1/61532ef9082b334755993cfd/f8bf40e3-7565-4f3e-bf3e-c9d57c25a7cc/thumbnail,pending owner confirmation,baseline migration preview,temporary Squarespace CDN reference; replace with approved original before launch
slideshow-1,https://images.squarespace-cdn.com/content/v1/61532ef9082b334755993cfd/2bff7b2b-9a17-47c5-b7c5-c1e039494e3f/1-Alberto+and+Ari+Wow+Face.jpg,pending owner confirmation,baseline migration preview,temporary Squarespace CDN reference; replace with approved original before launch
slideshow-1,https://images.squarespace-cdn.com/content/v1/61532ef9082b334755993cfd/2ec12061-b98e-4911-bb98-622a69bed5f2/3-christian+and+zach+otters.jpg,pending owner confirmation,baseline migration preview,temporary Squarespace CDN reference; replace with approved original before launch
slideshow-1,https://images.squarespace-cdn.com/content/v1/61532ef9082b334755993cfd/88500fef-0f94-4997-9545-38086c755662/4-girls+flying+like+birds+in+field.jpg,pending owner confirmation,baseline migration preview,temporary Squarespace CDN reference; replace with approved original before launch
slideshow-1,https://images.squarespace-cdn.com/content/v1/61532ef9082b334755993cfd/793431e3-de3c-464f-b2b7-9a7bfd38f653/5-Jake+on+winter+hike+with+kids.jpg,pending owner confirmation,baseline migration preview,temporary Squarespace CDN reference; replace with approved original before launch
slideshow-1,https://images.squarespace-cdn.com/content/v1/61532ef9082b334755993cfd/08559520-3108-48ea-b6ff-c516d6221fcc/6-Gwen+with+kids+Wow+Walk.jpg,pending owner confirmation,baseline migration preview,temporary Squarespace CDN reference; replace with approved original before launch
slideshow-1,https://images.squarespace-cdn.com/content/v1/61532ef9082b334755993cfd/0da8e68e-9c1d-480f-a964-f4b38a3d70f0/8-Ani+meditating.jpg,pending owner confirmation,baseline migration preview,temporary Squarespace CDN reference; replace with approved original before launch
slideshow-1,https://images.squarespace-cdn.com/content/v1/61532ef9082b334755993cfd/1ff57a6c-6481-4a97-8308-4c02d31f6eb2/9-Fire+Circle+Leah+excited.jpg,pending owner confirmation,baseline migration preview,temporary Squarespace CDN reference; replace with approved original before launch
slideshow-1,https://images.squarespace-cdn.com/content/v1/61532ef9082b334755993cfd/a9f44b60-0f2a-471e-97f9-fd69a8bc4697/10-Leah+with+Michaela+and+Lark.jpg,pending owner confirmation,baseline migration preview,temporary Squarespace CDN reference; replace with approved original before launch
slideshow-1,https://images.squarespace-cdn.com/content/v1/61532ef9082b334755993cfd/84430ceb-373b-46a9-bb92-361d579fef5e/11-snakes+in+field.jpg,pending owner confirmation,baseline migration preview,temporary Squarespace CDN reference; replace with approved original before launch
slideshow-1,https://images.squarespace-cdn.com/content/v1/61532ef9082b334755993cfd/77e7aec2-5331-4e2a-a96a-29a244e13a2e/13-Zach+Big+Dream+Catcher.jpg,pending owner confirmation,baseline migration preview,temporary Squarespace CDN reference; replace with approved original before launch
slideshow-1,https://images.squarespace-cdn.com/content/v1/61532ef9082b334755993cfd/14b21d60-5905-4047-bf1f-196b25c09930/14-Group+Dream+Catcher.jpg,pending owner confirmation,baseline migration preview,temporary Squarespace CDN reference; replace with approved original before launch
slideshow-1,https://images.squarespace-cdn.com/content/v1/61532ef9082b334755993cfd/709fd748-0065-4234-94d2-dda4c75514c8/15-Gwen+making+fire.jpg,pending owner confirmation,baseline migration preview,temporary Squarespace CDN reference; replace with approved original before launch
slideshow-1,https://images.squarespace-cdn.com/content/v1/61532ef9082b334755993cfd/991ea84f-3b1b-42d1-9533-dde4b06d2483/16-Leah%2C+Greg%2C+Gwen+roleplay.jpg,pending owner confirmation,baseline migration preview,temporary Squarespace CDN reference; replace with approved original before launch
slideshow-1,https://images.squarespace-cdn.com/content/v1/61532ef9082b334755993cfd/541eebaf-9aa0-49fc-b5d1-720013d7db20/17-Christian%2C+Zach%2C+Ani%2C+Mason.jpg,pending owner confirmation,baseline migration preview,temporary Squarespace CDN reference; replace with approved original before launch
slideshow-1,https://images.squarespace-cdn.com/content/v1/61532ef9082b334755993cfd/eb5f50e9-0def-4459-83ca-f3459dab8852/19-Look+up.jpg,pending owner confirmation,baseline migration preview,temporary Squarespace CDN reference; replace with approved original before launch
slideshow-1,https://images.squarespace-cdn.com/content/v1/61532ef9082b334755993cfd/4beff656-da9c-4af3-a42d-d2a5f0eb8a6b/12-wings+in+a+circle.jpg,pending owner confirmation,baseline migration preview,temporary Squarespace CDN reference; replace with approved original before launch
slideshow-1,https://images.squarespace-cdn.com/content/v1/61532ef9082b334755993cfd/16cc4fc9-398f-4fbf-af2a-6413ab204134/21-Miriam+Drum.jpg,pending owner confirmation,baseline migration preview,temporary Squarespace CDN reference; replace with approved original before launch
slideshow-1,https://images.squarespace-cdn.com/content/v1/61532ef9082b334755993cfd/e03ef107-bef0-46b1-b963-812eeb57df11/24-Rebecca+with+Girls.jpg,pending owner confirmation,baseline migration preview,temporary Squarespace CDN reference; replace with approved original before launch
slideshow-1,https://images.squarespace-cdn.com/content/v1/61532ef9082b334755993cfd/1a3f2337-a654-4d61-85e8-facd7af1bcd2/27-Michaela+mugwort.jpg,pending owner confirmation,baseline migration preview,temporary Squarespace CDN reference; replace with approved original before launch
slideshow-1,https://images.squarespace-cdn.com/content/v1/61532ef9082b334755993cfd/2ac2f1e9-1212-4145-aa2b-4fdaaa64e2d4/29-Sabastian+Camo.jpg,pending owner confirmation,baseline migration preview,temporary Squarespace CDN reference; replace with approved original before launch
slideshow-1,https://images.squarespace-cdn.com/content/v1/61532ef9082b334755993cfd/2de4e875-0a62-4711-b049-1c0989e72b44/30-Fire+Circle+2.jpg,pending owner confirmation,baseline migration preview,temporary Squarespace CDN reference; replace with approved original before launch
slideshow-1,https://images.squarespace-cdn.com/content/v1/61532ef9082b334755993cfd/d410dbfe-2ccd-486a-a3be-b112a8c8b0c4/32-Lark%2C+Cassie%2C+Bella+mud+2.jpg,pending owner confirmation,baseline migration preview,temporary Squarespace CDN reference; replace with approved original before launch
slideshow-1,https://images.squarespace-cdn.com/content/v1/61532ef9082b334755993cfd/d0a0e56c-edf4-4998-bfeb-5fc90cd12cda/33-Stella+and+Lark+Mud.jpg,pending owner confirmation,baseline migration preview,temporary Squarespace CDN reference; replace with approved original before launch
slideshow-1,https://images.squarespace-cdn.com/content/v1/61532ef9082b334755993cfd/c3765df8-5129-4365-8323-a3637ce1c713/31-Sprinklers+5.jpg,pending owner confirmation,baseline migration preview,temporary Squarespace CDN reference; replace with approved original before launch
slideshow-1,https://images.squarespace-cdn.com/content/v1/61532ef9082b334755993cfd/d365884e-6677-4dd0-acc3-3c21d657908b/35-Parent+Alex%2C+Theressa%2C+Charlotte.jpg,pending owner confirmation,baseline migration preview,temporary Squarespace CDN reference; replace with approved original before launch
slideshow-1,https://images.squarespace-cdn.com/content/v1/61532ef9082b334755993cfd/c181b269-bea0-41c4-87d8-ce37093bc43f/36-Parent+Guardian+Fire+Circle+backs+2.jpg,pending owner confirmation,baseline migration preview,temporary Squarespace CDN reference; replace with approved original before launch
slideshow-1,https://images.squarespace-cdn.com/content/v1/61532ef9082b334755993cfd/4f7b3afb-59cd-4b13-96b2-34666bf093a5/37-Parent+Guardians+Blindfolded.jpg,pending owner confirmation,baseline migration preview,temporary Squarespace CDN reference; replace with approved original before launch
slideshow-1,https://images.squarespace-cdn.com/content/v1/61532ef9082b334755993cfd/7cb9159a-cbc4-4e75-84f0-3331cea0bb8b/38-Parent+Nicole.jpg,pending owner confirmation,baseline migration preview,temporary Squarespace CDN reference; replace with approved original before launch
slideshow-1,https://images.squarespace-cdn.com/content/v1/61532ef9082b334755993cfd/2a52c6f3-5fdd-4007-8e83-e1d2a4a6bc83/39-Patrick+and+Mason.jpg,pending owner confirmation,baseline migration preview,temporary Squarespace CDN reference; replace with approved original before launch
slideshow-1,https://images.squarespace-cdn.com/content/v1/61532ef9082b334755993cfd/df0939f8-3165-425b-8670-e3bb41abb2b1/40-Pair+obstacle+course.jpg,pending owner confirmation,baseline migration preview,temporary Squarespace CDN reference; replace with approved original before launch
slideshow-1,https://images.squarespace-cdn.com/content/v1/61532ef9082b334755993cfd/46fac4ff-cfa7-47d6-a39d-5bc3cecf81fe/41-sensory+walk+1.jpg,pending owner confirmation,baseline migration preview,temporary Squarespace CDN reference; replace with approved original before launch
slideshow-1,https://images.squarespace-cdn.com/content/v1/61532ef9082b334755993cfd/1a194535-0f5b-434b-bb57-770df809a6a5/34-Mason%2C+Jake%2C+Patrick%2C+Michaela.jpg,pending owner confirmation,baseline migration preview,temporary Squarespace CDN reference; replace with approved original before launch
slideshow-1,https://images.squarespace-cdn.com/content/v1/61532ef9082b334755993cfd/239f5ac6-57cf-4448-ab79-2f282b06d414/25-Alberto+journal+field.jpg,pending owner confirmation,baseline migration preview,temporary Squarespace CDN reference; replace with approved original before launch
slideshow-1,https://images.squarespace-cdn.com/content/v1/61532ef9082b334755993cfd/1ad22897-686e-4be8-9c11-e1d486997880/28-pesto+station+3.jpg,pending owner confirmation,baseline migration preview,temporary Squarespace CDN reference; replace with approved original before launch
slideshow-1,https://images.squarespace-cdn.com/content/v1/61532ef9082b334755993cfd/2c47b75c-1cfa-4fb8-9da3-b2da3d7c7124/20-Opening+Circle+4+Guitar.jpeg,pending owner confirmation,baseline migration preview,temporary Squarespace CDN reference; replace with approved original before launch
slideshow-1,https://images.squarespace-cdn.com/content/v1/61532ef9082b334755993cfd/16585349-eea9-42db-b135-7b1cf039ee7c/22-Michaela+and+Gwen+on+the+guitar.jpg,pending owner confirmation,baseline migration preview,temporary Squarespace CDN reference; replace with approved original before launch
slideshow-1,https://images.squarespace-cdn.com/content/v1/61532ef9082b334755993cfd/08c3b672-712c-43c7-88ff-88db88d371db/23-Miles+journal.jpg,pending owner confirmation,baseline migration preview,temporary Squarespace CDN reference; replace with approved original before launch
slideshow-1,https://images.squarespace-cdn.com/content/v1/61532ef9082b334755993cfd/b60d5b58-db42-4fe4-bec5-47f66be2271f/26-Bella%2C+Ani%2C+Stella+garden.jpg,pending owner confirmation,baseline migration preview,temporary Squarespace CDN reference; replace with approved original before launch
slideshow-1,https://images.squarespace-cdn.com/content/v1/61532ef9082b334755993cfd/f94478c6-e06d-4de8-8fbb-bb4ae61973d7/42-Mandala.jpg,pending owner confirmation,baseline migration preview,temporary Squarespace CDN reference; replace with approved original before launch
slideshow-1,https://images.squarespace-cdn.com/content/v1/61532ef9082b334755993cfd/4781c252-f9a6-4466-9518-7b8df256a202/43-Alice+Gwen+candle.jpg,pending owner confirmation,baseline migration preview,temporary Squarespace CDN reference; replace with approved original before launch
slideshow-1,https://images.squarespace-cdn.com/content/v1/61532ef9082b334755993cfd/4808f7b2-948d-4d58-9ce6-907cb8b19f97/44-Cassie+Gwen+candle.jpg,pending owner confirmation,baseline migration preview,temporary Squarespace CDN reference; replace with approved original before launch
slideshow-1,https://images.squarespace-cdn.com/content/v1/61532ef9082b334755993cfd/ec72b9e9-2ef6-4dcc-9211-69ca12dfa5ac/45-All+5+Mentors.jpg,pending owner confirmation,baseline migration preview,temporary Squarespace CDN reference; replace with approved original before launch
slideshow-1,https://images.squarespace-cdn.com/content/v1/61532ef9082b334755993cfd/2ae33c20-86cf-4d1b-a5fa-4af0766c2c91/46-All+Wayfinders.jpg,pending owner confirmation,baseline migration preview,temporary Squarespace CDN reference; replace with approved original before launch
pastworkshops,https://images.squarespace-cdn.com/content/v1/61532ef9082b334755993cfd/849d533b-d434-44d2-9043-d9e8a9a836fe/rebecca-d-elia.png,pending owner confirmation,baseline migration preview,temporary Squarespace CDN reference; replace with approved original before launch
pastworkshops,https://images.squarespace-cdn.com/content/v1/61532ef9082b334755993cfd/5061a061-6cbb-4abe-938b-8aa3b8a49010/Uri.JPG,pending owner confirmation,baseline migration preview,temporary Squarespace CDN reference; replace with approved original before launch
pastworkshops,https://images.squarespace-cdn.com/content/v1/61532ef9082b334755993cfd/6d149bf3-c1be-4596-bdda-90f3fa06c69f/tori.JPG,pending owner confirmation,baseline migration preview,temporary Squarespace CDN reference; replace with approved original before launch
pastworkshops,https://images.squarespace-cdn.com/content/v1/61532ef9082b334755993cfd/89b4d56b-c144-420a-87ce-d6dc38a9cd19/julia.JPG,pending owner confirmation,baseline migration preview,temporary Squarespace CDN reference; replace with approved original before launch
pastworkshops,https://images.squarespace-cdn.com/content/v1/61532ef9082b334755993cfd/4565aba9-05da-4564-b5f9-c77d2a3be04b/susie-square.png,pending owner confirmation,baseline migration preview,temporary Squarespace CDN reference; replace with approved original before launch
pastworkshops,https://images.squarespace-cdn.com/content/v1/61532ef9082b334755993cfd/60d82032-bffb-4896-b85a-0667066f591b/Greg.jpg,pending owner confirmation,baseline migration preview,temporary Squarespace CDN reference; replace with approved original before launch
pastworkshops,https://images.squarespace-cdn.com/content/v1/61532ef9082b334755993cfd/78bb37ef-665f-4ec8-97d0-8e9f20592c48/Kathy.jpg,pending owner confirmation,baseline migration preview,temporary Squarespace CDN reference; replace with approved original before launch
