path,title,page_type,navigation_status,http_status,last_modified,word_count,image_count,form_count,top_headings,external_domains,proposed_disposition,rationale
/,Home,homepage,current navigation,200,,1353,8,2,"Connecting With Ourselves, Each Other, and The Earth | Check out our *NEW* programs! | Screen-free time in nature. Programs for people of all ages. | Spark Your Child's Connection to Themselves, Each Other, and the Earth! | What is Wayfinders? | Join Our Mailing List | Why Wayfinders? | Our children are disconnecting from themselves, their families, communities, and the earth as they enter their teenage years.",www.facebook.com; www.instagram.com,keep,Canonical homepage; migrate content and preserve root URL.
/events,Events — Wayfinders on the Hudson,information/media,sitemap/unlinked,200,2021-12-20,140,4,0,Community Gatherings | November 4th Zoom Community Gathering | October 28th Zoom Community Gathering,us06web.zoom.us; www.facebook.com; www.google.com; www.instagram.com,review,Public sitemap page not in current navigation; owner decision required.
/events/event-one-mwhc8,October 28th Zoom Community Gathering — Wayfinders on the Hudson,event item,sitemap/unlinked,200,2021-10-26,78,1,0,October 28th Zoom Community Gathering | November 4th Zoom Community Gathering,us06web.zoom.us; www.facebook.com; www.google.com; www.instagram.com,archive/redirect,Dated event item; preserve only if historically valuable or receiving traffic.
/events/event-two-8k49n,November 4th Zoom Community Gathering — Wayfinders on the Hudson,event item,sitemap/unlinked,200,2021-10-26,78,1,0,November 4th Zoom Community Gathering | October 28th Zoom Community Gathering,us06web.zoom.us; www.facebook.com; www.google.com; www.instagram.com,archive/redirect,Dated event item; preserve only if historically valuable or receiving traffic.
/events-one,Spring 2022 Events — Wayfinders on the Hudson,information/media,sitemap/unlinked,200,2022-03-15,570,21,0,Spring Pilot- Final Retreat and Ceremony | Spring Pilot- Final Fire Circle | Spring Pilot - Retreat Session 3 | Spring Pilot- Fire Circle 6 | Spring Pilot-Parent Gathering LIVE for the Parents of our Spring Participants | Spring Pilot- Fire Circle 5,www.facebook.com; www.google.com; www.instagram.com,review,Public sitemap page not in current navigation; owner decision required.
/events-one/spring-pilot-deadline-to-register,Spring Pilot Deadline to Register — Wayfinders on the Hudson,event item,sitemap/unlinked,200,2022-02-18,51,1,0,Spring Pilot Deadline to Register | Spring 2022 Pilot Application Deadline | Spring Pilot- Fire Circle 1,www.facebook.com; www.google.com; www.instagram.com,archive/redirect,Dated event item; preserve only if historically valuable or receiving traffic.
/events-one/spring-pilot-final-fire-circle,Spring Pilot- Final Fire Circle — Wayfinders on the Hudson,event item,sitemap/unlinked,200,2022-01-12,41,1,0,Spring Pilot- Final Fire Circle | Spring Pilot- Final Retreat and Ceremony,www.facebook.com; www.google.com; www.instagram.com,archive/redirect,Dated event item; preserve only if historically valuable or receiving traffic.
/events-one/spring-pilot-fire-circle-6,Spring Pilot- Fire Circle 6 — Wayfinders on the Hudson,event item,sitemap/unlinked,200,2022-01-12,40,1,0,Spring Pilot- Fire Circle 6 | Spring Pilot - Retreat Session 3,www.facebook.com; www.google.com; www.instagram.com,archive/redirect,Dated event item; preserve only if historically valuable or receiving traffic.
/events-one/spring-pilot-fire-circle-5,Spring Pilot- Fire Circle 5 — Wayfinders on the Hudson,event item,sitemap/unlinked,200,2022-01-12,45,1,0,Spring Pilot- Fire Circle 5 | Spring Pilot-Fire Circle 5 | Spring Pilot-Parent Gathering LIVE for the Parents of our Spring Participants,www.facebook.com; www.google.com; www.instagram.com,archive/redirect,Dated event item; preserve only if historically valuable or receiving traffic.
/events-one/spring-pilot-fire-circle-4,Spring Pilot- Fire Circle 4 — Wayfinders on the Hudson,event item,sitemap/unlinked,200,2022-01-12,39,1,0,Spring Pilot- Fire Circle 4 | Spring Pilot-Fire Circle 4 | Spring Pilot - Retreat Session 2,www.facebook.com; www.google.com; www.instagram.com,archive/redirect,Dated event item; preserve only if historically valuable or receiving traffic.
/events-one/spring-pilot-fire-circle-3,Spring Pilot- Fire Circle 3 — Wayfinders on the Hudson,event item,sitemap/unlinked,200,2022-01-12,39,1,0,Spring Pilot- Fire Circle 3 | Spring Pilot-Fire Circle 4,www.facebook.com; www.google.com; www.instagram.com,archive/redirect,Dated event item; preserve only if historically valuable or receiving traffic.
/events-one/spring-pilot-fire-circle-2,Spring Pilot- Fire Circle 2 — Wayfinders on the Hudson,event item,sitemap/unlinked,200,2022-01-12,40,1,0,Spring Pilot- Fire Circle 2 | Spring Pilot - Retreat Session 1,www.facebook.com; www.google.com; www.instagram.com,archive/redirect,Dated event item; preserve only if historically valuable or receiving traffic.
/events-one/spring-pilot-fire-circle-1,Spring Pilot- Fire Circle 1 — Wayfinders on the Hudson,event item,sitemap/unlinked,200,2022-01-12,40,1,0,Spring Pilot- Fire Circle 1 | Spring Pilot- Fire Circle 2,www.facebook.com; www.google.com; www.instagram.com,archive/redirect,Dated event item; preserve only if historically valuable or receiving traffic.
/events-one/spring-pilot-application-deadline,Spring 2022 Pilot Application Deadline — Wayfinders on the Hudson,event item,sitemap/unlinked,200,2021-12-20,31,1,0,Spring 2022 Pilot Application Deadline | Spring Pilot Deadline to Register,www.facebook.com; www.google.com; www.instagram.com,archive/redirect,Dated event item; preserve only if historically valuable or receiving traffic.
/events-one/parent-gathering-in-person-for-the-parents-of-our-spring-participants,Spring Pilot-Parent Gathering LIVE for the Parents of our Spring Participants — Wayfinders on the Hudson,event item,sitemap/unlinked,200,2022-04-19,46,1,0,Spring Pilot-Parent Gathering LIVE for the Parents of our Spring Participants | Spring Pilot- Fire Circle 5 | Spring Pilot- Fire Circle 6,www.facebook.com; www.google.com; www.instagram.com,archive/redirect,Dated event item; preserve only if historically valuable or receiving traffic.
/events-one/fire-circle-6,Spring Pilot- Fire Circle 6 — Wayfinders on the Hudson,event item,sitemap/unlinked,200,2021-12-20,50,1,0,Spring Pilot- Fire Circle 6 | Spring Pilot-Parent Gathering LIVE for the Parents of our Spring Participants,www.facebook.com; www.google.com; www.instagram.com,archive/redirect,Dated event item; preserve only if historically valuable or receiving traffic.
/events-one/fire-circle-5,Spring Pilot-Fire Circle 5 — Wayfinders on the Hudson,event item,sitemap/unlinked,200,2021-12-20,43,1,0,Spring Pilot-Fire Circle 5 | Spring Pilot - Retreat Session 2 | Spring Pilot- Fire Circle 5,www.facebook.com; www.google.com; www.instagram.com,archive/redirect,Dated event item; preserve only if historically valuable or receiving traffic.
/events-one/fire-circle-4,Spring Pilot-Fire Circle 4 — Wayfinders on the Hudson,event item,sitemap/unlinked,200,2021-12-20,43,1,0,Spring Pilot-Fire Circle 4 | Spring Pilot- Fire Circle 3 | Spring Pilot- Fire Circle 4,www.facebook.com; www.google.com; www.instagram.com,archive/redirect,Dated event item; preserve only if historically valuable or receiving traffic.
/events-one/fire-circle-3,Spring Pilot- Fire Circle 3 — Wayfinders on the Hudson,event item,sitemap/unlinked,200,2021-12-20,44,1,0,Spring Pilot- Fire Circle 3 | Spring Pilot - Retreat Session 1,www.facebook.com; www.google.com; www.instagram.com,archive/redirect,Dated event item; preserve only if historically valuable or receiving traffic.
/events-one/fire-circle-2,Spring Pilot- Fire Circle 2 — Wayfinders on the Hudson,event item,sitemap/unlinked,200,2021-12-20,44,1,0,Spring Pilot- Fire Circle 2 | Spring Pilot- Fire Circle 1,www.facebook.com; www.google.com; www.instagram.com,archive/redirect,Dated event item; preserve only if historically valuable or receiving traffic.
/events-one/fire-circle-1,Spring Pilot- Fire Circle 1 — Wayfinders on the Hudson,event item,sitemap/unlinked,200,2021-12-20,45,1,0,Spring Pilot- Fire Circle 1 | Spring Pilot Deadline to Register,www.facebook.com; www.google.com; www.instagram.com,archive/redirect,Dated event item; preserve only if historically valuable or receiving traffic.
/events-one/fire-circle-7,Spring Pilot- Final Fire Circle — Wayfinders on the Hudson,event item,sitemap/unlinked,200,2021-12-20,40,1,0,Spring Pilot- Final Fire Circle | Spring Pilot - Retreat Session 3,www.facebook.com; www.google.com; www.instagram.com,archive/redirect,Dated event item; preserve only if historically valuable or receiving traffic.
/events-one/eteqn1vosnz2odslle1sv1y7rcvcfa,Spring Pilot- Final Retreat and Ceremony — Wayfinders on the Hudson,event item,sitemap/unlinked,200,2021-12-20,32,1,0,Spring Pilot- Final Retreat and Ceremony | Spring Pilot- Final Fire Circle,www.facebook.com; www.google.com; www.instagram.com,archive/redirect,Dated event item; preserve only if historically valuable or receiving traffic.
/events-one/spring-2022-retreat-session-3,Spring Pilot - Retreat Session 3 — Wayfinders on the Hudson,event item,sitemap/unlinked,200,2021-12-20,53,1,0,Spring Pilot - Retreat Session 3 | Spring Pilot- Fire Circle 6 | Spring Pilot- Final Fire Circle,www.facebook.com; www.google.com; www.instagram.com,archive/redirect,Dated event item; preserve only if historically valuable or receiving traffic.
/events-one/event-two-rbxmn,Spring Pilot - Retreat Session 2 — Wayfinders on the Hudson,event item,sitemap/unlinked,200,2021-12-20,48,1,0,Spring Pilot - Retreat Session 2 | Spring Pilot- Fire Circle 4 | Spring Pilot-Fire Circle 5,www.facebook.com; www.google.com; www.instagram.com,archive/redirect,Dated event item; preserve only if historically valuable or receiving traffic.
/events-one/event-one-y727b,Spring Pilot - Retreat Session 1 — Wayfinders on the Hudson,event item,sitemap/unlinked,200,2022-01-25,45,1,0,Spring Pilot - Retreat Session 1 | Spring Pilot- Fire Circle 2 | Spring Pilot- Fire Circle 3,www.facebook.com; www.google.com; www.instagram.com,archive/redirect,Dated event item; preserve only if historically valuable or receiving traffic.
/events-new,Events — Wayfinders on the Hudson,information/media,sitemap/unlinked,200,2023-02-13,99,2,0,VIRTUAL STORYTELLING CIRCLE,www.eventbrite.com; www.facebook.com; www.google.com; www.instagram.com,review,Public sitemap page not in current navigation; owner decision required.
/events-new/wayfinders-virtual-storytelling-fire-circle-with-dr-elizabeth-lindsey-wednesday-march-1-700-730pm-google-meet-joining-info-video-call-link-https/meetgooglecom/bse-yghi-nvz,VIRTUAL STORYTELLING CIRCLE — Wayfinders on the Hudson,event item,sitemap/unlinked,200,2023-02-13,121,2,0,VIRTUAL STORYTELLING CIRCLE,elizabethlindsey.com; www.eventbrite.com; www.facebook.com; www.google.com; www.instagram.com,archive/redirect,Dated event item; preserve only if historically valuable or receiving traffic.
/familycamp-1,Family Base Camp — Wayfinders on the Hudson,program/service,sitemap/unlinked,200,2023-10-09,85,3,0,Upcoming events. | Family Base Camp,checkout.stripe.com; maps.app.goo.gl; www.facebook.com; www.google.com; www.instagram.com,duplicate/review,Probable Squarespace copy or duplicate; compare before redirecting or archiving.
/familycamp-1/cpuw3swb1r8kietm712qbux6ts0yw5,Family Base Camp — Wayfinders on the Hudson,event item,sitemap/unlinked,200,2023-10-09,83,1,0,Family Base Camp,checkout.stripe.com; maps.app.goo.gl; www.facebook.com; www.google.com; www.instagram.com,archive/redirect,Dated event item; preserve only if historically valuable or receiving traffic.
/forest-bathing,Forest Bathing — Wayfinders on the Hudson,information/media,sitemap/unlinked,200,2024-10-11,325,5,0,"EVENT FULL, REGISTRATION CLOSED! Family Base Camp | Forest Yoga | Family Base Camp | Fireside Shabbat",buy.stripe.com; connect.intuit.com; forms.gle; maps.app.goo.gl; maps.google.com; www.facebook.com; www.google.com; www.instagram.com,review,Public sitemap page not in current navigation; owner decision required.
/forest-bathing/event-one-2skm3-r4s3h,"EVENT FULL, REGISTRATION CLOSED! Family Base Camp — Wayfinders on the Hudson",event item,sitemap/unlinked,200,2024-10-11,101,2,0,"EVENT FULL, REGISTRATION CLOSED! Family Base Camp | Forest Yoga",connect.intuit.com; maps.app.goo.gl; www.facebook.com; www.google.com; www.instagram.com,archive/redirect,Dated event item; preserve only if historically valuable or receiving traffic.
/forest-bathing/forest-yoga-ggl7h,Forest Yoga — Wayfinders on the Hudson,event item,sitemap/unlinked,200,2024-06-03,89,1,0,"Forest Yoga | Lenoir Preserve | 19 Dudley Street, Hastings, NY | EVENT FULL, REGISTRATION CLOSED! Family Base Camp",connect.intuit.com; maps.google.com; www.facebook.com; www.google.com; www.instagram.com,archive/redirect,Dated event item; preserve only if historically valuable or receiving traffic.
/forest-bathing/forest-yoga,Forest Yoga — Wayfinders on the Hudson,event item,sitemap/unlinked,200,2024-06-03,85,1,0,"Forest Yoga | Lenoir Preserve | 19 Dudley Street, Hastings, NY | Family Base Camp",connect.intuit.com; maps.google.com; www.facebook.com; www.google.com; www.instagram.com,archive/redirect,Dated event item; preserve only if historically valuable or receiving traffic.
/forest-bathing/event-one-2skm3,Family Base Camp — Wayfinders on the Hudson,event item,sitemap/unlinked,200,2024-10-04,95,2,0,Family Base Camp | Fireside Shabbat | Forest Yoga,buy.stripe.com; maps.app.goo.gl; www.facebook.com; www.google.com; www.instagram.com,archive/redirect,Dated event item; preserve only if historically valuable or receiving traffic.
/forest-bathing/https/formsgle/fjbcu2cjoovxwxek9,Fireside Shabbat — Wayfinders on the Hudson,event item,sitemap/unlinked,200,2023-10-09,57,1,0,Fireside Shabbat | REGISTER | Family Base Camp,forms.gle; www.facebook.com; www.google.com; www.instagram.com,archive/redirect,Dated event item; preserve only if historically valuable or receiving traffic.
/events-1-1-forest-bathing,Forest Bathing — Wayfinders on the Hudson,information/media,sitemap/unlinked,200,2025-05-07,68,2,0,Forest Bathing,www.facebook.com; www.google.com; www.instagram.com,review,Public sitemap page not in current navigation; owner decision required.
/events-1-1-forest-bathing/forest-bathing,Forest Bathing — Wayfinders on the Hudson,event item,sitemap/unlinked,200,2025-05-07,209,1,0,Forest Bathing,abodyofbeing.com; www.facebook.com; www.google.com; www.instagram.com,archive/redirect,Dated event item; preserve only if historically valuable or receiving traffic.
/home,Home,homepage,sitemap/unlinked,200,2026-07-24,1353,8,2,"Connecting With Ourselves, Each Other, and The Earth | Check out our *NEW* programs! | Screen-free time in nature. Programs for people of all ages. | Spark Your Child's Connection to Themselves, Each Other, and the Earth! | What is Wayfinders? | Join Our Mailing List | Why Wayfinders? | Our children are disconnecting from themselves, their families, communities, and the earth as they enter their teenage years.",www.facebook.com; www.instagram.com,redirect,Duplicate homepage; redirect to `/` after parity is approved.
/the-team,The Team — Wayfinders on the Hudson,people index,current navigation,200,2026-06-15,191,14,0,"Gwen Merkin - Co-Founder, Executive Director | Leah Gozhansky - Co-Founder, Program Director | Sayako Aizeki-Nevins | Rebecca D’Elia | Bryte Gordon | Sonjaia McCrae | Stacie Bartolotta | Hannah Van Dolsen",www.facebook.com; www.instagram.com,keep/review,In current public navigation; migrate unless owner marks outdated.
/contact-us,Contact — Wayfinders on the Hudson,contact/form,current navigation,200,2025-11-06,118,2,1,Join our Mailing List | Contact Us,www.facebook.com; www.instagram.com,keep/review,In current public navigation; migrate unless owner marks outdated.
/springpilot,Spring Pilot — Wayfinders on the Hudson,program/service,sitemap/unlinked,200,2022-04-19,623,13,0,"Sitting around fires, crafting with their hands, bonding with friends, building leadership skills, and spending time with their feet on the earth – within a safe and supportive community. | Wayfinders Spring Pilot includes 2 bi-weekly (choose either Wednesday or Thursday) fire circles and one monthly Sunday retreat (which everyone will attend). There will be 2 gatherings for parents/guardians. | Wednesday Group | Thursday Group | Retreats | Service Project | Parent/Guardian Gatherings | 2021 Program is Launched!",www.facebook.com; www.instagram.com,archive/redirect,Dated or legacy program content; confirm archival and redirect destination.
/applyspringpilot,About 5 — Wayfinders on the Hudson,registration/application,sitemap/unlinked,200,2022-02-15,298,3,0,"Spring 2022 Pilot Application | We are so excited to be offering our pilot program for Spring 2022! | For details on the Program, click | here | . | Space is extremely limited to participate in the Spring Pilot. | Application Deadline: | February 28th.",operations.daxko.com; www.facebook.com; www.instagram.com,archive/redirect,Dated or legacy program content; confirm archival and redirect destination.
/gwen,GWEN — Wayfinders on the Hudson,person profile,sitemap/unlinked,200,2025-01-21,233,2,0,"Gwen Merkin | MA City Planning, LEED AP, Wild Earth Teacher Training, Certificate in Ecopsychology",www.facebook.com; www.instagram.com,merge/review,Likely team profile; confirm current person and merge into team pattern or preserve route.
/leah,Leah — Wayfinders on the Hudson,person profile,sitemap/unlinked,200,2026-04-16,198,2,0,"Leah Gozhansky | M.A Psychological Counseling, Ed.M Psychological Counseling & Education, Certified Nature Informed Therapist",www.facebook.com; www.instagram.com,merge/review,Likely team profile; confirm current person and merge into team pattern or preserve route.
/miriam,Miriam — Wayfinders on the Hudson,person profile,sitemap/unlinked,200,2021-10-26,290,2,0,"Miriam Rubin | B-Mitzvah Guide, Youth Mentor, Interfaith Minister, and the Creative Ritual Director of Wayfinders.",www.facebook.com; www.instagram.com,merge/review,Likely team profile; confirm current person and merge into team pattern or preserve route.
/faqs,FAQs — Wayfinders on the Hudson,information/media,current navigation,200,2024-03-28,901,2,0,Frequently asked questions.,www.facebook.com; www.instagram.com,keep/review,In current public navigation; migrate unless owner marks outdated.
/application,Application — Wayfinders on the Hudson,registration/application,sitemap/unlinked,200,2021-10-08,41,5,0,Click below to submit your waiver | Maybe you want to launch a business | Maybe you want to turn a hobby into something more | Maybe you have a creative project to share with the world,forms.gle; www.facebook.com; www.instagram.com,review,Public sitemap page not in current navigation; owner decision required.
/donate,Donate — Wayfinders on the Hudson,support/action,current navigation,200,2025-12-01,200,3,0,"Support Wayfinders! | Your donation helps us grow more Wayfinders! | Your contribution moves us closer to meeting our mission of fostering experiential opportunities with nature-connection and social emotional learning, in an effort to develop future sustainability leaders, address mental health issues, and create more equitable access to nature programs. | Click on | “Support” | to email us about other ways you would like to get involved | !",connect.intuit.com; www.facebook.com; www.instagram.com,keep/review,In current public navigation; migrate unless owner marks outdated.
/careers,Careers — Wayfinders on the Hudson,information/media,current navigation,200,2025-02-13,299,2,0,Mentor Positions! | Mentors-in-Training Internship!,forms.gle; www.facebook.com; www.instagram.com,keep/review,In current public navigation; migrate unless owner marks outdated.
/spring-pilot-2022-calendar,General 2 — Wayfinders on the Hudson,program/service,sitemap/unlinked,200,2022-04-19,13,2,0,Check out the Calendar for our Spring 2022 Programs | (view all),www.facebook.com; www.instagram.com,archive/redirect,Dated or legacy program content; confirm archival and redirect destination.
/teen-leadership-institute,Teen Leadership Institute — Wayfinders on the Hudson,information/media,sitemap/unlinked,200,2022-06-14,373,2,0,Wayfinder’s Teen Leadership Institute | This two month-long leadership institute provides teens with the essential skills and character building to effectively mentor youth. Participants who complete the training will receive a | Wayfinder’s Leadership Skills | Certification and training in hands-only CPR. | Dates & Hours | Cost | Location | Program Overview,forms.gle; operations.daxko.com; www.facebook.com; www.instagram.com,review,Public sitemap page not in current navigation; owner decision required.
/apply-for-teen-leadership-institute,Services 3 — Wayfinders on the Hudson,registration/application,sitemap/unlinked,200,2022-03-01,229,3,0,Teen Leadership Institute | The Institute | Community Service,operations.daxko.com; www.facebook.com; www.instagram.com,review,Public sitemap page not in current navigation; owner decision required.
/dei,DEI — Wayfinders on the Hudson,information/media,current navigation,200,2024-03-28,268,2,0,"Diversity, Equity, Inclusion | Purpose | Values | Action | Accountability",www.facebook.com; www.instagram.com,keep/review,In current public navigation; migrate unless owner marks outdated.
/springpilot-1,Spring Pilot (Copy) — Wayfinders on the Hudson,program/service,sitemap/unlinked,200,2022-05-16,623,13,0,"Sitting around fires, crafting with their hands, bonding with friends, building leadership skills, and spending time with their feet on the earth – within a safe and supportive community. | Wayfinders Spring Pilot includes 2 bi-weekly (choose either Wednesday or Thursday) fire circles and one monthly Sunday retreat (which everyone will attend). There will be 2 gatherings for parents/guardians. | Wednesday Group | Thursday Group | Retreats | Service Project | Parent/Guardian Gatherings | 2021 Program is Launched!",www.facebook.com; www.instagram.com,duplicate/review,Probable Squarespace copy or duplicate; compare before redirecting or archiving.
/rite-of-passage,General 1 — Wayfinders on the Hudson,program/service,sitemap/unlinked,200,2022-06-22,761,14,0,Rite of Passage | What is a rite of passage? | Why have a rite of passage? | Wayfinders Rite of Passage | Holistic B'nai Mitzvah (OPTIONAL) | Camping Weekends @ Westchester Campgrounds | Sunday Retreats @ Lenoir | Thursday Evenings (Hybrid),drive.google.com; forms.gle; www.facebook.com; www.instagram.com,review,Public sitemap page not in current navigation; owner decision required.
/programs-overview,Services 1 — Wayfinders on the Hudson,program/service,sitemap/unlinked,200,2022-08-25,366,4,0,Base Camp - 2nd-8th Grades After School Program | Rite of Passage - 6th-8th Grades Coming of Age Program | Teen Leadership Institute - 9th-12th Grades Evening Program,forms.gle; www.facebook.com; www.instagram.com,review,Public sitemap page not in current navigation; owner decision required.
/base-camp,About 2 — Wayfinders on the Hudson,program/service,sitemap/unlinked,200,2022-10-11,231,6,0,"Base Camp | Wayfinders | explores our connections with nature, ourselves, each other, and our communities through weekly fire circles and immersive nature connection games, social emotional learning, leadership development, and community building. Age-based groups (2nd & 3rd; 4th & 5th; 6th-8th) meet one day a week after school, offered during Fall & Spring semesters. | Monday | Wednesday | Thursday | Parent Only Gathering @ Lenoir",forms.gle; www.facebook.com; www.instagram.com,review,Public sitemap page not in current navigation; owner decision required.
/teen-leadership-institute-1,Teen Leadership Institute — Wayfinders on the Hudson,information/media,sitemap/unlinked,200,2022-05-25,0,1,0,,www.facebook.com; www.instagram.com,duplicate/review,Probable Squarespace copy or duplicate; compare before redirecting or archiving.
/rebecca-dellia,Rebecca D'Ellia — Wayfinders on the Hudson,person profile,sitemap/unlinked,200,2023-09-15,154,2,0,"Rebecca D’Elia | MA Psychological Counseling, School Counselor, NOLS Instructor",www.facebook.com; www.instagram.com,merge/review,Likely team profile; confirm current person and merge into team pattern or preserve route.
/greg-rosen,Greg Rosen — Wayfinders on the Hudson,person profile,sitemap/unlinked,200,2022-06-06,117,2,0,"Greg Rosen | MA & Professor or Psychology, Certificate in Environmental Education, S.T.E.M. Educator",www.facebook.com; www.groundworkhv.org; www.instagram.com; www.rivertownscommunitygardens.com,merge/review,Likely team profile; confirm current person and merge into team pattern or preserve route.
/wayfinders-in-the-news,Reviews 1 — Wayfinders on the Hudson,information/media,current navigation,200,2024-02-12,111,6,0,"The Antidote to the Times: Re-Connecting with Nature, Together | Wayfinders pull and plant at Lenoir Preserve | So proud to be among these amazing sponsors and participants at the Hastings Spring Thing - Get Your Green On! | Eye-Opening Wayfinders Youth Volunteer Event Held At Lenoir Preserve | 7 Guiding Principles for a JDEI Policy That Isn’t Just Hot Air. Plus, a Free Sample Policy!",blueavocado.org; drive.google.com; patch.com; www.facebook.com; www.instagram.com; www.rivertownsenterprise.net,keep/review,In current public navigation; migrate unless owner marks outdated.
/incentives-scholarships,Services 4 — Wayfinders on the Hudson,information/media,sitemap/unlinked,200,2022-06-17,540,6,0,Scholarships (need based) | JCC Members | Early Bird Discount | Sibling Discount | Referrals | Payment Plans,forms.gle; gmail.com; www.facebook.com; www.instagram.com,review,Public sitemap page not in current navigation; owner decision required.
/scholarships-1,Scholarships — Wayfinders on the Hudson,information/media,current navigation,200,2026-06-16,263,1,0,Contribute | to the Wayfinders Scholarship Fund or | Apply | for a Scholarship below.,forms.gle; www.facebook.com; www.instagram.com,keep/review,In current public navigation; migrate unless owner marks outdated.
/wayfinders-the-shames-jcc,General 1 — Wayfinders on the Hudson,information/media,sitemap/unlinked,200,2022-06-21,57,2,0,Wayfinders & Shames JCC,www.facebook.com; www.instagram.com; www.shamesjcc.org,review,Public sitemap page not in current navigation; owner decision required.
/fall-2025-base-camp-registration-1st-8th-grade,Fall 2025 Base Camp Registration (1st-8th grade) — Wayfinders on the Hudson,program/service,sitemap/unlinked,200,2025-11-06,328,4,0,11 Tuesdays 3:45-5:45 pm | 11 Wednesdays 3:45-5:45 pm | Registration Details | Scholarships & Payment Plans | Flexible Scheduling | Payment Options | IEP/504 | Refunds,connect.intuit.com; forms.gle; www.facebook.com; www.instagram.com,archive/redirect,Dated or legacy program content; confirm archival and redirect destination.
/slideshow,Slideshow — Wayfinders on the Hudson,information/media,sitemap/unlinked,200,2022-06-26,7,2,0,Check out the Spring 2022 Slideshow!,photos.app.goo.gl; www.facebook.com; www.instagram.com,review,Public sitemap page not in current navigation; owner decision required.
/slideshow-1,Gallery 1 — Wayfinders on the Hudson,information/media,current navigation,200,2024-03-29,289,45,0,Throw on some tunes (we picked this song special for you!) & check out the slideshow from Spring 2022!,www.facebook.com; www.instagram.com,keep/review,In current public navigation; migrate unless owner marks outdated.
/22-rite-of-passage-6th8th-grade,General 1 — Wayfinders on the Hudson,program/service,sitemap/unlinked,200,2022-09-13,861,14,0,Rite of Passage | Limited space is still available - registration is open! | Base Camp begins 9/22 — Intro to ROP begins 10/15 | Thursday Fall* Basecamp @ Lenoir | Sunday Retreats @ Lenoir | Camping Weekends @ Westchester Campgrounds | Parent Only Gathering @ Lenoir | INTRO TO ROP,drive.google.com; forms.gle; www.facebook.com; www.instagram.com,review,Public sitemap page not in current navigation; owner decision required.
/testimonials-,Reviews 1 — Wayfinders on the Hudson,information/media,current navigation,200,2026-02-12,1355,7,0,"""In a lot of camps instead of adding onto things, normally people destroy things, but here people are upgrading things, helping somebody, nobody being rude, everybody being kind!"" | ""As soon as I arrive at Wayfinders, I can just be myself!"" | ""Wayfinders on the Hudson Autumn Gathering for Women provided a much-needed pause in my busy fall, and a chance to connect to the profound changes in nature and in myself at this time. Being with other women in the woods for a quiet morning of meditation, sensory opening and sharing deeply fed my soul! Thank you, Wayfinders, Gwen and Amy!"" | “We are still feeling the good vibes from Monday! Even though it didn’t feel like a Monday! Hahaha. | Thank you again for putting together such an impactful experience for our team. It really set the stage for a very productive 2-day planning session. We got A LOT done! | Really appreciate all you did.” | “As a proud parent of two Wayfinders kids (12 &9), I enthusiastically attest to my immense love and admiration for this incredible program!” | Read more from Anna...",www.facebook.com; www.instagram.com,keep/review,In current public navigation; migrate unless owner marks outdated.
/ali-garber,Ali Garber — Wayfinders on the Hudson,person profile,sitemap/unlinked,200,2022-08-17,104,2,0,"Ali Garber | MFA Photography, Forest School Educator",www.facebook.com; www.instagram.com,merge/review,Likely team profile; confirm current person and merge into team pattern or preserve route.
/lizzie-deyonker,Lizzie DeYonker — Wayfinders on the Hudson,person profile,sitemap/unlinked,200,2022-08-17,29,2,0,Lizzie DeYonker,www.facebook.com; www.instagram.com,merge/review,Likely team profile; confirm current person and merge into team pattern or preserve route.
/hannah-van-dolsen,Hannah Van Dolsen — Wayfinders on the Hudson,person profile,sitemap/unlinked,200,2026-07-23,200,2,0,Hannah Van Dolsen,www.facebook.com; www.instagram.com,merge/review,Likely team profile; confirm current person and merge into team pattern or preserve route.
/message-from-founders,Message from the Founders — Wayfinders on the Hudson,information/media,current navigation,200,2024-03-28,13,1,0,A Message from the Founders,www.facebook.com; www.instagram.com,keep/review,In current public navigation; migrate unless owner marks outdated.
/aron-goldman,Aron Goldman — Wayfinders on the Hudson,person profile,sitemap/unlinked,200,2022-11-29,91,2,0,Aron Goldman | Board Director,www.facebook.com; www.instagram.com,merge/review,Likely team profile; confirm current person and merge into team pattern or preserve route.
/fall-2025-programs-overview,Fall 2025 Programs Overview — Wayfinders on the Hudson,program/service,sitemap/unlinked,200,2025-12-19,497,8,0,Base Camp (After School Program) - 1st-6th Grades | Wise Owls (60+) | Babies & Caregivers Nature Exploration (2 months-1 year) | Internships - 9th-12th Grades | Corporate Retreats (Adults) | School Programs (All Ages) | Passages - 6th-9th Grades (Stay tuned for details),www.facebook.com; www.instagram.com,archive/redirect,Dated or legacy program content; confirm archival and redirect destination.
/fall-22-base-camp-2nd8th-grade,About 2 — Wayfinders on the Hudson,program/service,sitemap/unlinked,200,2023-08-11,310,6,0,"Base Camp | Wayfinders | connects us with ourselves, each other, and the earth. We create community through weekly fire circles and immersive nature connection games, social emotional learning, leadership development, and community building. Mixed-age-groups (2nd-8th) meet one day a week after school. Participants have the opportunity to connect in a- mixed- age group setting and in same -age- cohorts. Offered during Fall & Spring. | Tuesday | Thursday | Family Base Camp | Parent Only Gathering @ Lenoir",checkout.stripe.com; connect.intuit.com; www.facebook.com; www.instagram.com,archive/redirect,Dated or legacy program content; confirm archival and redirect destination.
/2023-24-coming-of-age-6th-8th-grade,General 1 — Wayfinders on the Hudson,information/media,sitemap/unlinked,200,2023-12-08,864,17,0,Passages | Passages Retreat @ Lenoir | Camping Weekends @ Westchester Campgrounds | One-on-One Mentoring | Parent Only Gathering @ Lenoir | Ropes Course | High Ropes | Cooking Together,connect.intuit.com; www.facebook.com; www.instagram.com,archive/redirect,Dated or legacy program content; confirm archival and redirect destination.
/school-programs,School Programs — Wayfinders on the Hudson,program/service,current navigation,200,2024-07-10,976,12,0,Professional Development | Early Childhood | Student Community Building | Sustainability Field Trips & Retreats | School Programs | School Day Specials | Extended Day,drive.google.com; www.facebook.com; www.instagram.com,keep/review,In current public navigation; migrate unless owner marks outdated.
/registration-1,Registration (Spring 23) — Wayfinders on the Hudson,information/media,sitemap/unlinked,200,2023-06-20,19,3,0,,operations.daxko.com; www.facebook.com; www.instagram.com,duplicate/review,Probable Squarespace copy or duplicate; compare before redirecting or archiving.
/2023-intro-rite-of-passage-6th8th-grade-1,General 1 — Wayfinders on the Hudson,program/service,sitemap/unlinked,200,2023-06-21,800,13,0,Intro to Rite of Passage | Limited space is available - registration is open! | Intro to ROP is accepting a few new participants | Program starting in March | Sunday Retreats @ Lenoir | Camping Weekends @ Westchester Campgrounds | Parent Only Gathering @ Lenoir | One-on-One Mentoring,forms.gle; operations.daxko.com; www.facebook.com; www.instagram.com,duplicate/review,Probable Squarespace copy or duplicate; compare before redirecting or archiving.
/registration-2,FALL 2023 Base Camp Registration (Copy) — Wayfinders on the Hudson,information/media,sitemap/unlinked,200,2023-07-17,475,5,0,Tuesday Base Camp | Wednesday Base Camp | Thursday Base Camp | Registration Details | Scholarships & Payment Plans | Flexible Scheduling | Payment Options | IEP/504,account.venmo.com; buy.stripe.com; connect.intuit.com; forms.gle; www.facebook.com; www.instagram.com,duplicate/review,Probable Squarespace copy or duplicate; compare before redirecting or archiving.
/internships-registration,Internships — Wayfinders on the Hudson,program/service,sitemap/unlinked,200,2026-01-06,76,3,0,Junior Mentor | Mentor in Training,connect.intuit.com; drive.google.com; forms.gle; www.facebook.com; www.instagram.com,review,Public sitemap page not in current navigation; owner decision required.
/jaime-schwarz-1,Jaime Schwarz — Wayfinders on the Hudson,person profile,sitemap/unlinked,200,2023-07-19,213,2,0,Jaime Schwarz | Brand Therapist/Creative Director,www.facebook.com; www.instagram.com,merge/review,Likely team profile; confirm current person and merge into team pattern or preserve route.
/internships,Internships — Wayfinders on the Hudson,program/service,current navigation,200,2026-06-18,293,6,0,Find your way by supporting others on their journey. | Wayfinders Leadership Opportunities | Mini-Mentors (6th - 8th Graders) | Scholarships are available! | Junior Mentors | $325 & Community Service Hours Available | Mentors-in Training,docs.google.com; www.facebook.com; www.instagram.com,keep/review,In current public navigation; migrate unless owner marks outdated.
/moon-sisters-registration,Moon Sisters Registration — Wayfinders on the Hudson,information/media,sitemap/unlinked,200,2024-07-10,35,3,0,Passages,connect.intuit.com; www.facebook.com; www.instagram.com,review,Public sitemap page not in current navigation; owner decision required.
/bryte-gordon,Bryte Gordon — Wayfinders on the Hudson,person profile,sitemap/unlinked,200,2023-09-27,158,2,0,"Bryte Gordon | Research Scientist, Ph.D.",www.facebook.com; www.instagram.com,merge/review,Likely team profile; confirm current person and merge into team pattern or preserve route.
/shigadi-mbekelu,Shigadi Mbekelu — Wayfinders on the Hudson,person profile,sitemap/unlinked,200,2023-10-30,105,2,0,Shigadi Mbekelu | M.A. Early Childhood Education,www.facebook.com; www.instagram.com,merge/review,Likely team profile; confirm current person and merge into team pattern or preserve route.
/kathy-lebron,Kathy Lebron — Wayfinders on the Hudson,person profile,sitemap/unlinked,200,2023-11-01,66,2,0,Kathy Lebron | M.A. Pastoral Counseling,www.facebook.com; www.instagram.com,merge/review,Likely team profile; confirm current person and merge into team pattern or preserve route.
/corporate-retreats,Corporate Retreats — Wayfinders on the Hudson,program/service,current navigation,200,2024-05-02,225,7,0,Corporate Retreats | Tune in to your senses | Tune into the seasons | Meet your team in a new way | Get to know your colleagues in a whole new light!,www.facebook.com; www.instagram.com,keep/review,In current public navigation; migrate unless owner marks outdated.
/coming-of-age-programs-passages,Coming of Age Programs (Passages) — Wayfinders on the Hudson,program/service,sitemap/unlinked,200,2024-07-10,815,12,0,Passages | What is Passages? | A Time to get into Rhythm with Nature | A Safe Space to Exhale | A Place to be Supported during the Transition into Adolescence | Schedule | A Typical Day at Passages | Morning Time,www.facebook.com; www.instagram.com,review,Public sitemap page not in current navigation; owner decision required.
/fall-2025-base-camp-1st-8th-grade,Fall 2025 Base Camp (1st-8th grade) — Wayfinders on the Hudson,program/service,sitemap/unlinked,200,2025-06-23,277,6,0,"Wayfinders Base Camp | Wayfinders | Base Camp | connects us with ourselves, each other, and the earth. We create community through weekly fire circles and immersive nature connection games, social emotional learning, leadership development, and community building. | Mixed-age-groups (1st-8th) meet one day a week after school. Participants have the opportunity to connect in a mixed-age group setting and in same-age-cohorts. Offered during Fall & Spring. | In addition to Wayfinders regular flow, the season includes specialists who join us to add extra awesome programming to our already super fun afternoons with activities like: | Nature Photography, Survival Skills (Fire Techniques, Shelter Building, Foraging & Feasting), Trash to Treasures Mosaics, Forest Yoga, Dance, and more | .",connect.intuit.com; www.facebook.com; www.instagram.com,archive/redirect,Dated or legacy program content; confirm archival and redirect destination.
/family-festival,Family Festival — Wayfinders on the Hudson,information/media,sitemap/unlinked,200,2024-10-11,131,2,0,"This Event is FULL! | Registration is CLOSED! | Please join us next time! | Wayfinders Fall Festival | Service Project & Celebration! | Family Fun in the Woods! | Open to the Public | Sunday, October 20th",connect.intuit.com; www.facebook.com; www.instagram.com,review,Public sitemap page not in current navigation; owner decision required.
/pastworkshops,Past Workshops — Wayfinders on the Hudson,information/media,current navigation,200,2024-07-10,708,11,0,"Spring Workshops! | Check out the *NEW | * | Wayfinders workshops! | Let your child choose one or more of the following sessions, and help ensure that they spend quality time connecting with nature! This is the perfect chance to check out Wayfinders without committing to the full season. | Workshops take place at the Lenoir Preserve | 3:45 - 5:45 pm | and are open to participants in 2nd - 8th grades",mgcp03.engage.squarespace-mail.com; www.facebook.com; www.instagram.com,keep/review,In current public navigation; migrate unless owner marks outdated.
/jennie,Jennie Brotman — Wayfinders on the Hudson,person profile,sitemap/unlinked,200,2024-09-06,207,2,0,Jennie Brotman | Board Member,www.facebook.com; www.instagram.com,merge/review,Likely team profile; confirm current person and merge into team pattern or preserve route.
/rich,Rich Pacheco — Wayfinders on the Hudson,person profile,sitemap/unlinked,200,2024-09-06,182,2,0,Rich Pacheco | Board Member,wearopal.com; www.facebook.com; www.hudsonpickle.com; www.instagram.com; www.redantlergroup.com; www.tashfarmersmarket.org,merge/review,Likely team profile; confirm current person and merge into team pattern or preserve route.
/new-autumn-retreat-for-women,Autumn Gathering for Women — Wayfinders on the Hudson,program/service,sitemap/unlinked,200,2024-09-19,143,2,0,Step into the Flow!,abodyofbeing.com; connect.intuit.com; www.facebook.com; www.instagram.com,review,Public sitemap page not in current navigation; owner decision required.
/dalya,Dalya Pinero — Wayfinders on the Hudson,person profile,sitemap/unlinked,200,2024-09-20,73,2,0,Dalya Pinero | Mentor,www.facebook.com; www.instagram.com,merge/review,Likely team profile; confirm current person and merge into team pattern or preserve route.
/wise-owls-60,Wise Owls (65+) — Wayfinders on the Hudson,program/service,sitemap/unlinked,200,2026-02-05,147,3,0,"Wise Owls | (60+) | Wednesdays starting April 15th | 12:30 - 2:00 pm | at Lenoir Preserve | Nature has guided us through every stage of life and developed us into wise owls; we pause to bring more meaning to this moment, and feel gratitude. | When we connect with ourselves, each other, and the earth, we inspire a collective commitment to sharing our wisdom with our own and future generations.",forms.gle; www.facebook.com; www.instagram.com,review,Public sitemap page not in current navigation; owner decision required.
/baby-caregiver-nature-exploration-2-months-1-year,General 1 — Wayfinders on the Hudson,information/media,sitemap/unlinked,200,2025-05-07,154,2,0,"Baby & Caregiver Nature Exploration | Mommies, Daddies, Guardians, and Caregivers with babies 2 months to 1 year (recommended age - please reach out with any questions)… if you can carry your baby in a carrier or a hiking backpack for a 30 minute hike, then this program will work for you! | Let the fresh springtime air soothe you and your babe as we move through the woods. This is your time to connect with yourself and your little one, and build community with other caregivers, and with the earth. | Our time together includes both active movement (hiking and stretching), and playtime on blankets on the forest floor exploring, and songs. | Facilitated by Co-Founders: Leah Gozhansky & Gwen Merkin | Lenoir Preserve | 19 Dudley Street, Yonkers, NY | $120 for the series (Scholarships Available)",connect.intuit.com; www.facebook.com; www.instagram.com,review,Public sitemap page not in current navigation; owner decision required.
/wise-owls-55-1,Wise Owls (65+) — Wayfinders on the Hudson,program/service,current navigation,200,2026-07-30,214,3,0,Wise Owls | (55+) | Tuesdays or Wednesdays | Lenoir Preserve | 1:15-2:30 pm | Series (10 sessions) - $350 | Individual Session - $40 | Nature has guided us through every stage of life and developed us into wise owls.,connect.intuit.com; www.facebook.com; www.instagram.com,keep/review,In current public navigation; migrate unless owner marks outdated.
/baby-caregiver-nature-exploration-2-months-1-year-1,General 1 — Wayfinders on the Hudson,information/media,sitemap/unlinked,200,2025-05-07,152,2,0,"Baby & Caregiver Nature Exploration | Mommies, Daddies, Guardians, and Caregivers with babies 2 months to 1 year (recommended age - please reach out with any questions)… if you can carry your baby in a carrier or a hiking backpack for a 30 minute hike, then this program will work for you! | Let the fresh springtime air soothe you and your babe as we move through the woods. This is your time to connect with yourself and your little one, and build community with other caregivers, and with the earth. | Our time together includes both active movement (hiking and stretching), and playtime on blankets on the forest floor exploring, and songs. | Facilitated by Co-Founders: Leah Gozhansky & Gwen Merkin",www.facebook.com; www.instagram.com,duplicate/review,Probable Squarespace copy or duplicate; compare before redirecting or archiving.
/take-action,Take Action — Wayfinders on the Hudson,support/action,sitemap/unlinked,200,2025-05-06,104,2,0,Donate | Volunteer,www.facebook.com; www.instagram.com,review,Public sitemap page not in current navigation; owner decision required.
/motherhood-rising-6-weeks-12-months,Motherhood Rising — Wayfinders on the Hudson,program/service,current navigation,200,2026-06-23,377,3,0,,connect.intuit.com; www.facebook.com; www.instagram.com,keep/review,In current public navigation; migrate unless owner marks outdated.
/motherhood-rising-register,Motherhood Rising — Wayfinders on the Hudson,registration/application,sitemap/unlinked,200,2025-11-20,290,2,0,Motherhood Rising: Tending the Roots,connect.intuit.com; www.facebook.com; www.instagram.com,review,Public sitemap page not in current navigation; owner decision required.
/holiday-camps,Holiday Camps — Wayfinders on the Hudson,program/service,sitemap/unlinked,200,2025-10-04,11,2,0,,connect.intuit.com; www.facebook.com; www.instagram.com,review,Public sitemap page not in current navigation; owner decision required.
/winter-2026-base-camp-1st-6th-grade,WINTER 2026 Base Camp (1st-6th grade) — Wayfinders on the Hudson,program/service,sitemap/unlinked,200,2025-11-21,247,5,0,"Wayfinders Winter Base Camp | Stay active and energized at Wayfinders Winter Base Camp! | Spend Tuesday afternoons exploring the beautiful preserve, running wild in the woods, building & tending fires and shelters, discovering the wonders of wintertime, and finishing the days enjoying a cozy campfire together! | Open to 1st-6th Graders | 10 TUESDAYS from 3:45-5:45 pm | January 13th - March 23rd (SKIPS February 17th) | Lenoir Nature Preserve - 19 Dudley Street, Yonkers, NY | Program will take place outdoors in the nature preserve with indoor space and activities available.",connect.intuit.com; www.facebook.com; www.instagram.com,archive/redirect,Dated or legacy program content; confirm archival and redirect destination.
/winter-2026-base-camp-1st-6th-grade-registration,WINTER 2026 Base Camp (1st-6th grade) Registration — Wayfinders on the Hudson,program/service,sitemap/unlinked,200,2025-11-11,59,4,0,Wayfinders Winter Base Camp | TUESDAYS | Scholarships Available,connect.intuit.com; www.facebook.com; www.instagram.com,archive/redirect,Dated or legacy program content; confirm archival and redirect destination.
/fall-2026-programs-overview,Fall 2026 Programs Overview — Wayfinders on the Hudson,program/service,current navigation,200,2026-06-23,391,10,0,Motherhood Rising: Tending the Roots (6 weeks - 12 months) | Forest Tots (12 - 30 months) | Base Camp (After School Program) - Tues. & Weds 1st-8th Grades; Thurs Kindergarten only | Rose Blossoms (12-15 year old girls) | Internships - 6th-12th Grades | Wise Owls (55+) | Corporate Retreats (Adults) | School Programs (All Ages),www.facebook.com; www.instagram.com,keep/review,In current public navigation; migrate unless owner marks outdated.
/sonjaia-mccrae,Sonjaia McCrae — Wayfinders on the Hudson,person profile,sitemap/unlinked,200,2026-02-02,77,2,0,Sonjaia McCrae | Mentor,www.facebook.com; www.instagram.com,merge/review,Likely team profile; confirm current person and merge into team pattern or preserve route.
/fall-2026-base-camp-1st-8th-grade-or-k,Fall 2026 Base Camp (1st-8th grade or K) — Wayfinders on the Hudson,program/service,sitemap/unlinked,200,2026-06-15,367,3,0,"Wayfinders Fall Base Camp | Base Camp meets after school on Tuesday and Wednesday afternoons for 1st-8th graders (some participants join us for both days), and on Thursdays for Kindergarteners! | Program will take place outdoors in the nature preserve with indoor space and activities available. | Tuesdays & Wednesdays Open to 1st-8th Graders | 10 Sessions from 3:45-5:45 pm | $685 for the season (10 sessions) | Tuesday: 9/22, 9/29, 10/6, 10/13, 10/20, 10/27, 11/3, 11/10, 11/17, 11/24 | Wednesday: 9/23, 9/30, 10/7, 10/14, 10/21, 10/28, 11/4, (Skip 11/11), 11/18, (skip 11/25), 12/2, 12/9",www.facebook.com; www.instagram.com,review,Public sitemap page not in current navigation; owner decision required.
/stacie-bartolotta,Stacie Bartolotta — Wayfinders on the Hudson,person profile,sitemap/unlinked,200,2026-02-03,105,2,0,Stacie Bartolotta | Mentor,www.facebook.com; www.instagram.com,merge/review,Likely team profile; confirm current person and merge into team pattern or preserve route.
/fall-2026-base-camp-k-8,Fall 2026 Base Camp (K-8) — Wayfinders on the Hudson,program/service,current navigation,200,2026-07-28,508,6,0,Wayfinders Fall Base Camp | Tuesdays (1st - 8th graders) | Wednesdays (1st-8th graders) | Thursdays (Kindergarten) | Scholarships Available,connect.intuit.com; forms.gle; www.facebook.com; www.instagram.com,keep/review,In current public navigation; migrate unless owner marks outdated.
/motherhood-rising-register-1,Motherhood Rising — Wayfinders on the Hudson,registration/application,sitemap/unlinked,200,2026-02-05,417,3,0,Motherhood Rising: Tending the Roots,connect.intuit.com; www.facebook.com; www.instagram.com,duplicate/review,Probable Squarespace copy or duplicate; compare before redirecting or archiving.
/motherhood-rising-register-spring26,Motherhood Rising — Wayfinders on the Hudson,registration/application,sitemap/unlinked,200,2026-05-27,351,3,0,Motherhood Rising: Tending the Roots,connect.intuit.com; www.facebook.com; www.instagram.com,review,Public sitemap page not in current navigation; owner decision required.
/wise-owls-55-register,Wise Owls (65+) — Wayfinders on the Hudson,registration/application,sitemap/unlinked,200,2026-05-17,148,3,0,Wise Owls | (55+) | 4 Thursdays | May 28-June 18th | 1:15 - 2:30 pm | at Lenoir Preserve | Series (4 sessions) - $120 | Individual Session - $40,connect.intuit.com; www.facebook.com; www.instagram.com,review,Public sitemap page not in current navigation; owner decision required.
/sayako-aizeki-nevins,Sayako Aizeki-Nevins — Wayfinders on the Hudson,person profile,sitemap/unlinked,200,2026-03-09,91,2,0,Sayako Aizeki-Nevins | Mentor,www.facebook.com; www.instagram.com,merge/review,Likely team profile; confirm current person and merge into team pattern or preserve route.
/our-mission,Our Mission — Wayfinders on the Hudson,information/media,current navigation,200,2026-04-10,70,1,0,Our Mission,www.facebook.com; www.instagram.com,keep/review,In current public navigation; migrate unless owner marks outdated.
/dance-embody-collective,Motherhood Rising — Wayfinders on the Hudson,program/service,current navigation,200,2026-06-23,88,2,0,,danceembody.com; register.capturepoint.com; www.facebook.com; www.instagram.com,keep/review,In current public navigation; migrate unless owner marks outdated.
/rose-blossoms-12-15-year-old-girls,Rose Blossoms (12-15 year old girls) — Wayfinders on the Hudson,program/service,current navigation,200,2026-08-05,1199,16,0,"Rose Blossoms | An invitation to young women ages 12-15 to dive deeply into discovering gratitude, emotional resilience, sacred sisterhood, intuitive knowing, and Earth stewardship. | Seasonal Gatherings | Community & Circle | Growth & Stewardship | Deep Work, Lasting Impact | Rose Blossoms will: | Fall Camping Weekend Opening Ceremony",connect.intuit.com; www.facebook.com; www.instagram.com,keep/review,In current public navigation; migrate unless owner marks outdated.
/forest-tots-12-30-months,Forest Tots (12-30 months) — Wayfinders on the Hudson,program/service,current navigation,200,2026-07-23,157,3,0,Forest Tots,connect.intuit.com; www.facebook.com; www.instagram.com,keep/review,In current public navigation; migrate unless owner marks outdated.
/holiday-camps-1st-8th-graders,Holiday Camps (1st - 8th graders) — Wayfinders on the Hudson,program/service,current navigation,200,2026-06-23,31,3,0,"Holiday Camps! | Scholarships and Sibling Discounts are available! | Indigenous Peoples’ Day | October 12, 2026 | 9am - 3pm | Lenoir Preserve | Veteran’s Day | November 11, 2026",connect.intuit.com; www.facebook.com; www.instagram.com,keep/review,In current public navigation; migrate unless owner marks outdated.
/fall-2026-base-camp-1st-8th-grade-or-k-1,Fall 2026 Base Camp (1st-8th grade or K) (Copy) — Wayfinders on the Hudson,program/service,sitemap/unlinked,200,2026-06-15,333,3,0,"Wayfinders Fall Base Camp | Get active & energized at Fall Base Camp! | Wayfinders | Base Camp | connects us with ourselves, each other, and the earth. We create community through weekly fire circles, where we share gratitude and sing! We play immersive nature connection games that teach about the ecosystem through the invisible teachers - nature, fun and play! There is a ton of social emotional learning through our commitment to building a community of inclusion and kindness. Seasoned Wayfinders hone their leadership development through leading new friends in activities. Our community is strong and keeps growing stronger! | “Restoration Nation”: This season we will explore our local ecosystem through planting native trees, shrubs, grasses, and forbs in our ecosystem restoration project at Lenoir Preserve. | Same age and mixed age opportunities are available throughout Base Camp. Mixed age groups foster personal growth and village building. Younger kids look up to older kids as role models. Older kids grow into strong leaders as they facilitate activities and work with younger kids. | Base Camp meets after school on Tuesday and Wednesday afternoons for 1st-8th graders (some participants join us for both days), and on Thursdays for Kindergarteners!",www.facebook.com; www.instagram.com,duplicate/review,Probable Squarespace copy or duplicate; compare before redirecting or archiving.
/walk-talks,Walk & Talks — Wayfinders on the Hudson,program/service,current navigation,200,2026-06-16,210,2,0,Walk & Talks | We offer nature-informed walk and talk therapy for individuals seeking a therapeutic experience that extends beyond the traditional office setting.,www.facebook.com; www.instagram.com,keep/review,In current public navigation; migrate unless owner marks outdated.
/autumn-2026-womens-retreat,Autumn 2026 Women's Retreat — Wayfinders on the Hudson,program/service,current navigation,200,2026-08-04,409,4,0,Autumn 2026 Women’s Retreat,connect.intuit.com; www.facebook.com; www.instagram.com,keep/review,In current public navigation; migrate unless owner marks outdated.
/fall-2026-base-camp-k-8-2,Fall 2026 Base Camp (K-8) (Copy) — Wayfinders on the Hudson,program/service,sitemap/unlinked,200,2026-08-06,581,34,0,Wayfinders Fall Base Camp | WAYFINDERS FALL 2026 BASE CAMP | CHOOSE YOUR PROGRAM | GROWING COMMUNITY TOGETHER | Breathwork with Tal Gozhansy | Resilience with Talia Kovacs | What Kids Experience | Nature Games,forms.gle; www.facebook.com; www.instagram.com,duplicate/review,Probable Squarespace copy or duplicate; compare before redirecting or archiving.
/register-for-fall-2023,Store 1 — Wayfinders on the Hudson,registration/application,sitemap/unlinked,200,2023-05-22,180,13,0,"Whatever it is, the way you tell your story online can make all the difference. | REGISTER for FALL 2023 | Filters | No results found",www.facebook.com; www.instagram.com,archive/redirect,Legacy Fall 2023 commerce content.
/register-for-fall-2023/p/autumn-2026-womens-retreat,Autumn 2026 Women's Retreat — Wayfinders on the Hudson,registration/application,sitemap/unlinked,200,2026-07-23,298,2,0,Autumn 2026 Women's Retreat,www.facebook.com; www.instagram.com,archive/redirect,Legacy Fall 2023 commerce content.
/register-for-fall-2023/p/style-03-g2rtt-lmkxk,Monday Base Camp (6th-8th Grade) — Wayfinders on the Hudson,registration/application,sitemap/unlinked,200,2023-05-22,114,6,0,Monday Base Camp (6th-8th Grade) | Make it stand out,www.facebook.com; www.instagram.com,archive/redirect,Legacy Fall 2023 commerce content.
/register-for-fall-2023/p/style-02-hxmaf-7z726,Monday Base Camp (4th-5th Grades) — Wayfinders on the Hudson,registration/application,sitemap/unlinked,200,2023-05-22,110,5,0,Monday Base Camp (4th-5th Grades) | Make it stand out,www.facebook.com; www.instagram.com,archive/redirect,Legacy Fall 2023 commerce content.
/register-for-fall-2023/p/style-01-ej5na-jd7zx,Tuesday Base Camp (open to 2nd-8th graders) — Wayfinders on the Hudson,registration/application,sitemap/unlinked,200,2023-06-29,117,3,0,Tuesday Base Camp (open to 2nd-8th graders) | Make it stand out,www.facebook.com; www.instagram.com,archive/redirect,Legacy Fall 2023 commerce content.
/wayfinders-video,Wayfinders Video — Wayfinders on the Hudson,information/media,current navigation,200,2024-08-28,9,2,0,Wayfinders Video,www.facebook.com; www.instagram.com,keep/review,In current public navigation; migrate unless owner marks outdated.
/wayfinders-video/v/wayfinders-video,Wayfinders Video — Wayfinders on the Hudson,information/media,sitemap/unlinked,200,2024-08-28,5,1,0,Wayfinders Video,www.facebook.com; www.instagram.com,review,Public sitemap page not in current navigation; owner decision required.
